Company_Code,Company_Name,Overall_ESG_Score_0_100,Data_Completeness_Pct,Mean_Extraction_Confidence,Top_Positive_Contributors,Top_Low_Contributors,Explanation
BSOFT,Birlasoft,29.144272775091856,66.66666666666667,0.5972222222222222,Total Water Consumption: contribution 8.33; source page 18.0 | Total Energy Consumption: contribution 8.29; source page 5.0 | Renewable Energy Percentage: contribution 2.74; source page 5.0,Total Waste Generated: contribution 0.00; source page 19.0 | Employee Turnover Rate: contribution 0.00; source page 2.0 | Female Employee Percentage: contribution 0.07; source page 16.0,"Score is explained by the mathematically calculated contributions of validated, normalized BRSR metrics; evidence pages are retained where available."
COFORGE,Coforge,50.01460552450973,50.0,0.4638888888888888,Waste Recycled Percentage: contribution 16.67; source page 2.0 | Total Waste Generated: contribution 16.65; source page 20.0 | Female Employee Percentage: contribution 0.03; source page 30.0,Employee Turnover Rate: contribution 0.00; source page 4.0 | Female Employee Percentage: contribution 0.03; source page 30.0 | Total Waste Generated: contribution 16.65; source page 20.0,"Score is explained by the mathematically calculated contributions of validated, normalized BRSR metrics; evidence pages are retained where available."
CYIENT,Cyient,55.257270693512304,11.11111111111111,0.2416666666666667,Renewable Energy Percentage: contribution 18.42; source page 14.0,Renewable Energy Percentage: contribution 18.42; source page 14.0,"Score is explained by the mathematically calculated contributions of validated, normalized BRSR metrics; evidence pages are retained where available."
HAPPSTMNDS,Happiest Minds Technologies,37.69050911777247,50.0,0.475,Total Energy Consumption: contribution 8.33; source page 30.0 | Total Water Consumption: contribution 8.33; source page 7.0 | Total Waste Generated: contribution 8.32; source page 19.0,Employee Turnover Rate: contribution 0.00; source page 3.0 | Renewable Energy Percentage: contribution 0.14; source page 14.0 | Total Waste Generated: contribution 8.32; source page 19.0,"Score is explained by the mathematically calculated contributions of validated, normalized BRSR metrics; evidence pages are retained where available."
HCLTECH,HCL Technologies,54.09392766775317,38.888888888888886,0.4472222222222222,Female Employee Percentage: contribution 16.67; source page 23.0 | Total Energy Consumption: contribution 12.05; source page 23.0 | Renewable Energy Percentage: contribution 7.35; source page 23.0,Employee Turnover Rate: contribution 0.00; source page 4.0 | Renewable Energy Percentage: contribution 7.35; source page 23.0 | Total Energy Consumption: contribution 12.05; source page 23.0,"Score is explained by the mathematically calculated contributions of validated, normalized BRSR metrics; evidence pages are retained where available."
HEXAWARE,Hexaware Technologies,89.4301822851706,33.333333333333336,0.3638888888888889,Employee Turnover Rate: contribution 29.59; source page 12.0 | Total Energy Consumption: contribution 16.53; source page 15.0 | Renewable Energy Percentage: contribution 13.50; source page 4.0,Renewable Energy Percentage: contribution 13.50; source page 4.0 | Total Energy Consumption: contribution 16.53; source page 15.0 | Employee Turnover Rate: contribution 29.59; source page 12.0,"Score is explained by the mathematically calculated contributions of validated, normalized BRSR metrics; evidence pages are retained where available."
INFY,Infosys,65.65800649133982,44.44444444444444,0.425,Female Employee Percentage: contribution 32.50; source page 17.0 | Water Recycled Percentage: contribution 16.67; source page 26.0 | Total Energy Consumption: contribution 16.49; source page 26.0,Independent Directors Percentage: contribution 0.00; source page 11.0 | Total Energy Consumption: contribution 16.49; source page 26.0 | Water Recycled Percentage: contribution 16.67; source page 26.0,"Score is explained by the mathematically calculated contributions of validated, normalized BRSR metrics; evidence pages are retained where available."
KPITTECH,KPIT Technologies,49.94162346143191,33.333333333333336,0.4083333333333334,Total Waste Generated: contribution 33.29; source page 25.0 | Employee Turnover Rate: contribution 0.00; source page 4.0,Employee Turnover Rate: contribution 0.00; source page 4.0 | Total Waste Generated: contribution 33.29; source page 25.0,"Score is explained by the mathematically calculated contributions of validated, normalized BRSR metrics; evidence pages are retained where available."
LTIM,LTIMindtree,44.35888972075656,38.888888888888886,0.4555555555555555,Employee Turnover Rate: contribution 14.16; source page 12.0 | Total Water Consumption: contribution 11.11; source page 3.0 | Total Energy Consumption: contribution 11.07; source page 3.0,Waste Recycled Percentage: contribution 0.00; source page 3.0 | Independent Directors Percentage: contribution 2.03; source page 3.0 | Female Employee Percentage: contribution 5.99; source page 12.0,"Score is explained by the mathematically calculated contributions of validated, normalized BRSR metrics; evidence pages are retained where available."
LTTS,L&T Technology Services,25.88584185358379,38.888888888888886,0.4527777777777778,Total Energy Consumption: contribution 8.31; source page 9.0 | Waste Recycled Percentage: contribution 0.32; source page 9.0 | Renewable Energy Percentage: contribution 0.00; source page 9.0,Renewable Energy Percentage: contribution 0.00; source page 9.0 | Water Recycled Percentage: contribution 0.00; source page 9.0 | Waste Recycled Percentage: contribution 0.32; source page 9.0,"Score is explained by the mathematically calculated contributions of validated, normalized BRSR metrics; evidence pages are retained where available."
MPHASIS,Mphasis,,22.22222222222222,0.3027777777777778,,,"Score is explained by the mathematically calculated contributions of validated, normalized BRSR metrics; evidence pages are retained where available."
OFSS,Oracle Financial Services Software,42.86958677419136,61.11111111111112,0.5555555555555556,Total Waste Generated: contribution 11.11; source page 19.0 | Female Employee Percentage: contribution 11.00; source page 15.0 | Total Water Consumption: contribution 10.99; source page 17.0,Total Energy Consumption: contribution 0.00; source page 16.0 | Employee Turnover Rate: contribution 0.00; source page 2.0 | Independent Directors Percentage: contribution 9.77; source page 3.0,"Score is explained by the mathematically calculated contributions of validated, normalized BRSR metrics; evidence pages are retained where available."
PERSISTENT,Persistent Systems,61.87153410238318,61.11111111111112,0.5444444444444444,Female Employee Percentage: contribution 14.58; source page 12.0 | Renewable Energy Percentage: contribution 6.67; source page 9.0 | Total Energy Consumption: contribution 6.67; source page 23.0,Total Waste Generated: contribution 0.00; source page 24.0 | Employee Turnover Rate: contribution 0.00; source page 3.0 | Total Water Consumption: contribution 6.67; source page 12.0,"Score is explained by the mathematically calculated contributions of validated, normalized BRSR metrics; evidence pages are retained where available."
SONATSOFTW,Sonata Software,69.57971729566916,66.66666666666667,0.6277777777777778,Independent Directors Percentage: contribution 33.33; source page 12.0 | Employee Turnover Rate: contribution 9.36; source page 2.0 | Total Water Consumption: contribution 8.33; source page 27.0,Female Employee Percentage: contribution 0.44; source page 10.0 | Waste Recycled Percentage: contribution 3.94; source page 15.0 | Total Energy Consumption: contribution 6.03; source page 26.0,"Score is explained by the mathematically calculated contributions of validated, normalized BRSR metrics; evidence pages are retained where available."
TATAELXSI,Tata Elxsi,36.33948545861297,44.44444444444444,0.4416666666666667,Total Energy Consumption: contribution 16.67; source page 30.0 | Renewable Energy Percentage: contribution 7.56; source page 10.0 | Female Employee Percentage: contribution 0.00; source page 28.0,Female Employee Percentage: contribution 0.00; source page 28.0 | Employee Turnover Rate: contribution 0.00; source page 4.0 | Renewable Energy Percentage: contribution 7.56; source page 10.0,"Score is explained by the mathematically calculated contributions of validated, normalized BRSR metrics; evidence pages are retained where available."
TATATECH,Tata Technologies,82.89362678380994,44.44444444444444,0.4861111111111111,Employee Turnover Rate: contribution 21.95; source page 3.0 | Total Energy Consumption: contribution 11.11; source page 2.0 | Total Water Consumption: contribution 11.11; source page 25.0,Total Waste Generated: contribution 11.09; source page 25.0 | Total Water Consumption: contribution 11.11; source page 25.0 | Total Energy Consumption: contribution 11.11; source page 2.0,"Score is explained by the mathematically calculated contributions of validated, normalized BRSR metrics; evidence pages are retained where available."
TCS,Tata Consultancy Services,54.11884975121868,61.11111111111112,0.5472222222222222,Employee Turnover Rate: contribution 16.67; source page 10.0 | Total Waste Generated: contribution 6.52; source page 29.0 | Renewable Energy Percentage: contribution 5.10; source page 6.0,Total Water Consumption: contribution 0.00; source page 25.0 | Female Employee Percentage: contribution 0.01; source page 22.0 | Waste Recycled Percentage: contribution 3.51; source page 11.0,"Score is explained by the mathematically calculated contributions of validated, normalized BRSR metrics; evidence pages are retained where available."
TECHM,Tech Mahindra,33.32826487581516,44.44444444444444,0.4444444444444444,Total Energy Consumption: contribution 11.11; source page 27.0 | Total Water Consumption: contribution 11.11; source page 28.0 | Total Waste Generated: contribution 0.00; source page 30.0,Total Waste Generated: contribution 0.00; source page 30.0 | Employee Turnover Rate: contribution 0.00; source page 2.0 | Total Water Consumption: contribution 11.11; source page 28.0,"Score is explained by the mathematically calculated contributions of validated, normalized BRSR metrics; evidence pages are retained where available."
WIPRO,Wipro,92.77682559356558,50.0,0.475,Total Energy Consumption: contribution 16.67; source page 28.0 | Total Water Consumption: contribution 16.65; source page 12.0 | Female Employee Percentage: contribution 15.42; source page 11.0,Employee Turnover Rate: contribution 13.11; source page 4.0 | Female Employee Percentage: contribution 15.42; source page 11.0 | Total Water Consumption: contribution 16.65; source page 12.0,"Score is explained by the mathematically calculated contributions of validated, normalized BRSR metrics; evidence pages are retained where available."
ZENSARTECH,Zensar Technologies,91.63885656007712,61.11111111111112,0.536111111111111,Employee Turnover Rate: contribution 15.00; source page 16.0 | Female Employee Percentage: contribution 14.58; source page 15.0 | Total Energy Consumption: contribution 11.07; source page 15.0,Renewable Energy Percentage: contribution 9.87; source page 15.0 | Total Waste Generated: contribution 10.58; source page 7.0 | Total Energy Consumption: contribution 11.07; source page 15.0,"Score is explained by the mathematically calculated contributions of validated, normalized BRSR metrics; evidence pages are retained where available."
