Company_Code,Company_Name,Environmental_Score,Social_Score,Governance_Score,Overall_ESG_Score_0_100,Data_Completeness_Pct,Validation_Coverage_Pct,Mean_Extraction_Confidence,Scored_Metric_Count,Available_Pillar_Count,Scoring_Note
BSOFT,Birlasoft,58.08834534998351,0.20020020020020018,,29.144272775091856,66.66666666666667,91.66666666666667,0.5972222222222222,6,2,"Research score from normalized, direction-aware BRSR metrics; not an official SEBI rating."
COFORGE,Coforge,99.9416234614319,0.0875875875875876,,50.01460552450973,50.0,88.88888888888889,0.46388888888888885,4,2,"Research score from normalized, direction-aware BRSR metrics; not an official SEBI rating."
CYIENT,Cyient,55.257270693512304,,,55.257270693512304,11.11111111111111,50.0,0.2416666666666667,1,1,"Research score from normalized, direction-aware BRSR metrics; not an official SEBI rating."
HAPPSTMNDS,Happiest Minds Technologies,75.38101823554494,0.0,,37.69050911777247,50.0,100.0,0.47500000000000003,5,2,"Research score from normalized, direction-aware BRSR metrics; not an official SEBI rating."
HCLTECH,HCL Technologies,58.18785533550634,50.0,,54.09392766775317,38.888888888888886,100.0,0.44722222222222224,4,2,"Research score from normalized, direction-aware BRSR metrics; not an official SEBI rating."
HEXAWARE,Hexaware Technologies,90.09631962652097,88.76404494382022,,89.4301822851706,33.333333333333336,83.33333333333333,0.36388888888888893,3,2,"Research score from normalized, direction-aware BRSR metrics; not an official SEBI rating."
INFY,Infosys,99.47652197652198,97.49749749749749,0.0,65.65800649133982,44.44444444444444,87.5,0.42500000000000004,4,3,"Research score from normalized, direction-aware BRSR metrics; not an official SEBI rating."
KPITTECH,KPIT Technologies,99.88324692286382,0.0,,49.94162346143191,33.333333333333336,100.0,0.4083333333333334,2,2,"Research score from normalized, direction-aware BRSR metrics; not an official SEBI rating."
LTIM,LTIMindtree,66.55721119909022,60.43987808032752,6.07957988285195,44.35888972075656,38.888888888888886,100.0,0.4555555555555555,6,3,"Research score from normalized, direction-aware BRSR metrics; not an official SEBI rating."
LTTS,L&T Technology Services,25.88584185358379,,,25.88584185358379,38.888888888888886,85.71428571428571,0.4527777777777778,4,1,"Research score from normalized, direction-aware BRSR metrics; not an official SEBI rating."
MPHASIS,Mphasis,,,,,22.22222222222222,75.0,0.3027777777777778,0,0,"Research score from normalized, direction-aware BRSR metrics; not an official SEBI rating."
OFSS,Oracle Financial Services Software,66.29354165005385,33.00800800800801,29.307210664512223,42.86958677419136,61.111111111111114,81.81818181818181,0.5555555555555556,6,3,"Research score from normalized, direction-aware BRSR metrics; not an official SEBI rating."
PERSISTENT,Persistent Systems,79.99932446102261,43.74374374374374,,61.87153410238318,61.111111111111114,100.0,0.5444444444444444,7,2,"Research score from normalized, direction-aware BRSR metrics; not an official SEBI rating."
SONATSOFTW,Sonata Software,79.32293792023172,29.416213966775764,100.0,69.57971729566916,66.66666666666667,83.33333333333333,0.6277777777777778,7,3,"Research score from normalized, direction-aware BRSR metrics; not an official SEBI rating."
TATAELXSI,Tata Elxsi,72.67897091722594,0.0,,36.33948545861297,44.44444444444444,87.5,0.4416666666666667,4,2,"Research score from normalized, direction-aware BRSR metrics; not an official SEBI rating."
TATATECH,Tata Technologies,99.9445569384064,65.84269662921348,,82.89362678380994,44.44444444444444,100.0,0.4861111111111111,4,2,"Research score from normalized, direction-aware BRSR metrics; not an official SEBI rating."
TCS,Tata Consultancy Services,58.212674477412335,50.02502502502502,,54.118849751218676,61.111111111111114,81.81818181818181,0.5472222222222222,7,2,"Research score from normalized, direction-aware BRSR metrics; not an official SEBI rating."
TECHM,Tech Mahindra,66.65652975163032,0.0,,33.32826487581516,44.44444444444444,100.0,0.4444444444444444,4,2,"Research score from normalized, direction-aware BRSR metrics; not an official SEBI rating."
WIPRO,Wipro,99.9647083116714,85.58894287545974,,92.77682559356558,50.0,100.0,0.47500000000000003,4,2,"Research score from normalized, direction-aware BRSR metrics; not an official SEBI rating."
ZENSARTECH,Zensar Technologies,94.53396937641048,88.74374374374374,,91.63885656007712,61.111111111111114,100.0,0.536111111111111,5,2,"Research score from normalized, direction-aware BRSR metrics; not an official SEBI rating."
