Company_Code,Company_Name,Potential_Inconsistency_Count,Potential_Signals,Interpretation,Caution
BSOFT,Birlasoft,1,7 extracted metric(s) have confidence below 0.70,Potential greenwashing signal requiring evidence review,Not a finding that the company is greenwashing; longitudinal and external evidence are required.
COFORGE,Coforge,1,10 extracted metric(s) have confidence below 0.70,Potential greenwashing signal requiring evidence review,Not a finding that the company is greenwashing; longitudinal and external evidence are required.
CYIENT,Cyient,1,17 extracted metric(s) have confidence below 0.70,Potential greenwashing signal requiring evidence review,Not a finding that the company is greenwashing; longitudinal and external evidence are required.
HAPPSTMNDS,Happiest Minds Technologies,1,9 extracted metric(s) have confidence below 0.70,Potential greenwashing signal requiring evidence review,Not a finding that the company is greenwashing; longitudinal and external evidence are required.
HCLTECH,HCL Technologies,1,11 extracted metric(s) have confidence below 0.70,Potential greenwashing signal requiring evidence review,Not a finding that the company is greenwashing; longitudinal and external evidence are required.
HEXAWARE,Hexaware Technologies,1,13 extracted metric(s) have confidence below 0.70,Potential greenwashing signal requiring evidence review,Not a finding that the company is greenwashing; longitudinal and external evidence are required.
INFY,Infosys,1,11 extracted metric(s) have confidence below 0.70,Potential greenwashing signal requiring evidence review,Not a finding that the company is greenwashing; longitudinal and external evidence are required.
KPITTECH,KPIT Technologies,1,12 extracted metric(s) have confidence below 0.70,Potential greenwashing signal requiring evidence review,Not a finding that the company is greenwashing; longitudinal and external evidence are required.
LTIM,LTIMindtree,1,11 extracted metric(s) have confidence below 0.70,Potential greenwashing signal requiring evidence review,Not a finding that the company is greenwashing; longitudinal and external evidence are required.
LTTS,L&T Technology Services,1,12 extracted metric(s) have confidence below 0.70,Potential greenwashing signal requiring evidence review,Not a finding that the company is greenwashing; longitudinal and external evidence are required.
MPHASIS,Mphasis,1,15 extracted metric(s) have confidence below 0.70,Potential greenwashing signal requiring evidence review,Not a finding that the company is greenwashing; longitudinal and external evidence are required.
OFSS,Oracle Financial Services Software,1,9 extracted metric(s) have confidence below 0.70,Potential greenwashing signal requiring evidence review,Not a finding that the company is greenwashing; longitudinal and external evidence are required.
PERSISTENT,Persistent Systems,1,7 extracted metric(s) have confidence below 0.70,Potential greenwashing signal requiring evidence review,Not a finding that the company is greenwashing; longitudinal and external evidence are required.
SONATSOFTW,Sonata Software,1,8 extracted metric(s) have confidence below 0.70,Potential greenwashing signal requiring evidence review,Not a finding that the company is greenwashing; longitudinal and external evidence are required.
TATAELXSI,Tata Elxsi,1,11 extracted metric(s) have confidence below 0.70,Potential greenwashing signal requiring evidence review,Not a finding that the company is greenwashing; longitudinal and external evidence are required.
TATATECH,Tata Technologies,1,10 extracted metric(s) have confidence below 0.70,Potential greenwashing signal requiring evidence review,Not a finding that the company is greenwashing; longitudinal and external evidence are required.
TCS,Tata Consultancy Services,1,10 extracted metric(s) have confidence below 0.70,Potential greenwashing signal requiring evidence review,Not a finding that the company is greenwashing; longitudinal and external evidence are required.
TECHM,Tech Mahindra,1,10 extracted metric(s) have confidence below 0.70,Potential greenwashing signal requiring evidence review,Not a finding that the company is greenwashing; longitudinal and external evidence are required.
WIPRO,Wipro,1,9 extracted metric(s) have confidence below 0.70,Potential greenwashing signal requiring evidence review,Not a finding that the company is greenwashing; longitudinal and external evidence are required.
ZENSARTECH,Zensar Technologies,1,7 extracted metric(s) have confidence below 0.70,Potential greenwashing signal requiring evidence review,Not a finding that the company is greenwashing; longitudinal and external evidence are required.
